[
  {"name": "Harvard University", "country": "United States", "domains": ["harvard.edu"]},
  {"name": "Massachusetts Institute of Technology", "country": "United States", "domains": ["mit.edu"]},
  {"name": "Stanford University", "country": "United States", "domains": ["stanford.edu"]},
  {"name": "University of California, Berkeley", "country": "United States", "domains": ["berkeley.edu"]},
  {"name": "University of California, Los Angeles", "country": "United States", "domains": ["ucla.edu"]},
  {"name": "Yale University", "country": "United States", "domains": ["yale.edu"]},
  {"name": "Princeton University", "country": "United States", "domains": ["princeton.edu"]},
  {"name": "Columbia University", "country": "United States", "domains": ["columbia.edu"]},
  {"name": "University of Chicago", "country": "United States", "domains": ["uchicago.edu"]},
  {"name": "Johns Hopkins University", "country": "United States", "domains": ["jhu.edu"]},
  {"name": "University of Pennsylvania", "country": "United States", "domains": ["upenn.edu"]},
  {"name": "California Institute of Technology", "country": "United States", "domains": ["caltech.edu"]},
  {"name": "Duke University", "country": "United States", "domains": ["duke.edu"]},
  {"name": "Northwestern University", "country": "United States", "domains": ["northwestern.edu"]},
  {"name": "Cornell University", "country": "United States", "domains": ["cornell.edu"]},
  {"name": "University of Michigan", "country": "United States", "domains": ["umich.edu"]},
  {"name": "New York University", "country": "United States", "domains": ["nyu.edu"]},
  {"name": "University of Washington", "country": "United States", "domains": ["washington.edu"]},
  {"name": "University of Wisconsin-Madison", "country": "United States", "domains": ["wisc.edu"]},
  {"name": "University of Texas at Austin", "country": "United States", "domains": ["utexas.edu"]},
  {"name": "University of Cambridge", "country": "United Kingdom", "domains": ["cam.ac.uk"]},
  {"name": "University of Oxford", "country": "United Kingdom", "domains": ["ox.ac.uk"]},
  {"name": "Imperial College London", "country": "United Kingdom", "domains": ["imperial.ac.uk"]},
  {"name": "University College London", "country": "United Kingdom", "domains": ["ucl.ac.uk"]},
  {"name": "London School of Economics", "country": "United Kingdom", "domains": ["lse.ac.uk"]},
  {"name": "King's College London", "country": "United Kingdom", "domains": ["kcl.ac.uk"]},
  {"name": "University of Edinburgh", "country": "United Kingdom", "domains": ["ed.ac.uk"]},
  {"name": "University of Manchester", "country": "United Kingdom", "domains": ["manchester.ac.uk"]},
  {"name": "University of Bristol", "country": "United Kingdom", "domains": ["bristol.ac.uk"]},
  {"name": "University of Warwick", "country": "United Kingdom", "domains": ["warwick.ac.uk"]},
  {"name": "University of Glasgow", "country": "United Kingdom", "domains": ["gla.ac.uk"]},
  {"name": "University of Birmingham", "country": "United Kingdom", "domains": ["bham.ac.uk"]},
  {"name": "University of Leeds", "country": "United Kingdom", "domains": ["leeds.ac.uk"]},
  {"name": "University of Sheffield", "country": "United Kingdom", "domains": ["sheffield.ac.uk"]},
  {"name": "University of Nottingham", "country": "United Kingdom", "domains": ["nottingham.ac.uk"]},
  {"name": "University of Southampton", "country": "United Kingdom", "domains": ["soton.ac.uk"]},
  {"name": "University of Liverpool", "country": "United Kingdom", "domains": ["liverpool.ac.uk"]},
  {"name": "University of York", "country": "United Kingdom", "domains": ["york.ac.uk"]},
  {"name": "Durham University", "country": "United Kingdom", "domains": ["dur.ac.uk"]},
  {"name": "University of St Andrews", "country": "United Kingdom", "domains": ["st-andrews.ac.uk"]},
  {"name": "ETH Zurich", "country": "Switzerland", "domains": ["ethz.ch"]},
  {"name": "EPFL", "country": "Switzerland", "domains": ["epfl.ch"]},
  {"name": "University of Zurich", "country": "Switzerland", "domains": ["uzh.ch"]},
  {"name": "University of Geneva", "country": "Switzerland", "domains": ["unige.ch"]},
  {"name": "University of Basel", "country": "Switzerland", "domains": ["unibas.ch"]},
  {"name": "University of Bern", "country": "Switzerland", "domains": ["unibe.ch"]},
  {"name": "Technical University of Munich", "country": "Germany", "domains": ["tum.de"]},
  {"name": "Ludwig Maximilian University of Munich", "country": "Germany", "domains": ["lmu.de"]},
  {"name": "Heidelberg University", "country": "Germany", "domains": ["uni-heidelberg.de"]},
  {"name": "Humboldt University of Berlin", "country": "Germany", "domains": ["hu-berlin.de"]},
  {"name": "Free University of Berlin", "country": "Germany", "domains": ["fu-berlin.de"]},
  {"name": "RWTH Aachen University", "country": "Germany", "domains": ["rwth-aachen.de"]},
  {"name": "University of Freiburg", "country": "Germany", "domains": ["uni-freiburg.de"]},
  {"name": "University of Göttingen", "country": "Germany", "domains": ["uni-goettingen.de"]},
  {"name": "University of Tübingen", "country": "Germany", "domains": ["uni-tuebingen.de"]},
  {"name": "University of Bonn", "country": "Germany", "domains": ["uni-bonn.de"]},
  {"name": "Max Planck Institute", "country": "Germany", "domains": ["mpg.de"]},
  {"name": "Sorbonne University", "country": "France", "domains": ["sorbonne-universite.fr"]},
  {"name": "Paris-Saclay University", "country": "France", "domains": ["universite-paris-saclay.fr"]},
  {"name": "PSL University", "country": "France", "domains": ["psl.eu"]},
  {"name": "École Polytechnique", "country": "France", "domains": ["polytechnique.edu"]},
  {"name": "École Normale Supérieure", "country": "France", "domains": ["ens.psl.eu"]},
  {"name": "University of Paris", "country": "France", "domains": ["u-paris.fr"]},
  {"name": "Institut Pasteur", "country": "France", "domains": ["pasteur.fr"]},
  {"name": "University of Tokyo", "country": "Japan", "domains": ["u-tokyo.ac.jp"]},
  {"name": "Kyoto University", "country": "Japan", "domains": ["kyoto-u.ac.jp"]},
  {"name": "Osaka University", "country": "Japan", "domains": ["osaka-u.ac.jp"]},
  {"name": "Tohoku University", "country": "Japan", "domains": ["tohoku.ac.jp"]},
  {"name": "Tokyo Institute of Technology", "country": "Japan", "domains": ["titech.ac.jp"]},
  {"name": "Nagoya University", "country": "Japan", "domains": ["nagoya-u.ac.jp"]},
  {"name": "RIKEN", "country": "Japan", "domains": ["riken.jp"]},
  {"name": "Peking University", "country": "China", "domains": ["pku.edu.cn"]},
  {"name": "Tsinghua University", "country": "China", "domains": ["tsinghua.edu.cn"]},
  {"name": "Fudan University", "country": "China", "domains": ["fudan.edu.cn"]},
  {"name": "Shanghai Jiao Tong University", "country": "China", "domains": ["sjtu.edu.cn"]},
  {"name": "Zhejiang University", "country": "China", "domains": ["zju.edu.cn"]},
  {"name": "University of Science and Technology of China", "country": "China", "domains": ["ustc.edu.cn"]},
  {"name": "Nanjing University", "country": "China", "domains": ["nju.edu.cn"]},
  {"name": "National University of Singapore", "country": "Singapore", "domains": ["nus.edu.sg"]},
  {"name": "Nanyang Technological University", "country": "Singapore", "domains": ["ntu.edu.sg"]},
  {"name": "University of Melbourne", "country": "Australia", "domains": ["unimelb.edu.au"]},
  {"name": "University of Sydney", "country": "Australia", "domains": ["sydney.edu.au"]},
  {"name": "Australian National University", "country": "Australia", "domains": ["anu.edu.au"]},
  {"name": "University of Queensland", "country": "Australia", "domains": ["uq.edu.au"]},
  {"name": "Monash University", "country": "Australia", "domains": ["monash.edu"]},
  {"name": "University of New South Wales", "country": "Australia", "domains": ["unsw.edu.au"]},
  {"name": "University of Toronto", "country": "Canada", "domains": ["utoronto.ca"]},
  {"name": "McGill University", "country": "Canada", "domains": ["mcgill.ca"]},
  {"name": "University of British Columbia", "country": "Canada", "domains": ["ubc.ca"]},
  {"name": "University of Alberta", "country": "Canada", "domains": ["ualberta.ca"]},
  {"name": "University of Montreal", "country": "Canada", "domains": ["umontreal.ca"]},
  {"name": "University of Waterloo", "country": "Canada", "domains": ["uwaterloo.ca"]},
  {"name": "Seoul National University", "country": "South Korea", "domains": ["snu.ac.kr"]},
  {"name": "KAIST", "country": "South Korea", "domains": ["kaist.ac.kr"]},
  {"name": "Yonsei University", "country": "South Korea", "domains": ["yonsei.ac.kr"]},
  {"name": "Korea University", "country": "South Korea", "domains": ["korea.ac.kr"]},
  {"name": "POSTECH", "country": "South Korea", "domains": ["postech.ac.kr"]},
  {"name": "KU Leuven", "country": "Belgium", "domains": ["kuleuven.be"]},
  {"name": "Ghent University", "country": "Belgium", "domains": ["ugent.be"]},
  {"name": "Vrije Universiteit Brussel", "country": "Belgium", "domains": ["vub.be"]},
  {"name": "University of Amsterdam", "country": "Netherlands", "domains": ["uva.nl"]},
  {"name": "Leiden University", "country": "Netherlands", "domains": ["leidenuniv.nl"]},
  {"name": "Utrecht University", "country": "Netherlands", "domains": ["uu.nl"]},
  {"name": "Delft University of Technology", "country": "Netherlands", "domains": ["tudelft.nl"]},
  {"name": "Erasmus University Rotterdam", "country": "Netherlands", "domains": ["eur.nl"]},
  {"name": "Wageningen University", "country": "Netherlands", "domains": ["wur.nl"]},
  {"name": "Karolinska Institute", "country": "Sweden", "domains": ["ki.se"]},
  {"name": "Uppsala University", "country": "Sweden", "domains": ["uu.se"]},
  {"name": "Lund University", "country": "Sweden", "domains": ["lu.se"]},
  {"name": "Stockholm University", "country": "Sweden", "domains": ["su.se"]},
  {"name": "KTH Royal Institute of Technology", "country": "Sweden", "domains": ["kth.se"]},
  {"name": "University of Copenhagen", "country": "Denmark", "domains": ["ku.dk"]},
  {"name": "Aarhus University", "country": "Denmark", "domains": ["au.dk"]},
  {"name": "Technical University of Denmark", "country": "Denmark", "domains": ["dtu.dk"]},
  {"name": "University of Oslo", "country": "Norway", "domains": ["uio.no"]},
  {"name": "University of Bergen", "country": "Norway", "domains": ["uib.no"]},
  {"name": "Norwegian University of Science and Technology", "country": "Norway", "domains": ["ntnu.no"]},
  {"name": "University of Helsinki", "country": "Finland", "domains": ["helsinki.fi"]},
  {"name": "Aalto University", "country": "Finland", "domains": ["aalto.fi"]},
  {"name": "University of Vienna", "country": "Austria", "domains": ["univie.ac.at"]},
  {"name": "Vienna University of Technology", "country": "Austria", "domains": ["tuwien.ac.at"]},
  {"name": "University of Innsbruck", "country": "Austria", "domains": ["uibk.ac.at"]},
  {"name": "University of Barcelona", "country": "Spain", "domains": ["ub.edu"]},
  {"name": "Autonomous University of Barcelona", "country": "Spain", "domains": ["uab.cat"]},
  {"name": "Complutense University of Madrid", "country": "Spain", "domains": ["ucm.es"]},
  {"name": "Autonomous University of Madrid", "country": "Spain", "domains": ["uam.es"]},
  {"name": "University of Valencia", "country": "Spain", "domains": ["uv.es"]},
  {"name": "Sapienza University of Rome", "country": "Italy", "domains": ["uniroma1.it"]},
  {"name": "University of Bologna", "country": "Italy", "domains": ["unibo.it"]},
  {"name": "University of Milan", "country": "Italy", "domains": ["unimi.it"]},
  {"name": "University of Padua", "country": "Italy", "domains": ["unipd.it"]},
  {"name": "Polytechnic University of Milan", "country": "Italy", "domains": ["polimi.it"]},
  {"name": "University of Florence", "country": "Italy", "domains": ["unifi.it"]},
  {"name": "University of Pisa", "country": "Italy", "domains": ["unipi.it"]},
  {"name": "Weizmann Institute of Science", "country": "Israel", "domains": ["weizmann.ac.il"]},
  {"name": "Hebrew University of Jerusalem", "country": "Israel", "domains": ["huji.ac.il"]},
  {"name": "Tel Aviv University", "country": "Israel", "domains": ["tau.ac.il"]},
  {"name": "Technion", "country": "Israel", "domains": ["technion.ac.il"]},
  {"name": "Indian Institute of Science", "country": "India", "domains": ["iisc.ac.in"]},
  {"name": "Indian Institute of Technology Bombay", "country": "India", "domains": ["iitb.ac.in"]},
  {"name": "Indian Institute of Technology Delhi", "country": "India", "domains": ["iitd.ac.in"]},
  {"name": "Indian Institute of Technology Madras", "country": "India", "domains": ["iitm.ac.in"]},
  {"name": "Indian Institute of Technology Kanpur", "country": "India", "domains": ["iitk.ac.in"]},
  {"name": "Tata Institute of Fundamental Research", "country": "India", "domains": ["tifr.res.in"]},
  {"name": "University of São Paulo", "country": "Brazil", "domains": ["usp.br"]},
  {"name": "University of Campinas", "country": "Brazil", "domains": ["unicamp.br"]},
  {"name": "Federal University of Rio de Janeiro", "country": "Brazil", "domains": ["ufrj.br"]},
  {"name": "National Autonomous University of Mexico", "country": "Mexico", "domains": ["unam.mx"]},
  {"name": "University of Buenos Aires", "country": "Argentina", "domains": ["uba.ar"]},
  {"name": "Pontifical Catholic University of Chile", "country": "Chile", "domains": ["uc.cl"]},
  {"name": "University of Chile", "country": "Chile", "domains": ["uchile.cl"]},
  {"name": "University of Cape Town", "country": "South Africa", "domains": ["uct.ac.za"]},
  {"name": "University of the Witwatersrand", "country": "South Africa", "domains": ["wits.ac.za"]},
  {"name": "Stellenbosch University", "country": "South Africa", "domains": ["sun.ac.za"]},
  {"name": "Cairo University", "country": "Egypt", "domains": ["cu.edu.eg"]},
  {"name": "American University in Cairo", "country": "Egypt", "domains": ["aucegypt.edu"]},
  {"name": "University of Nairobi", "country": "Kenya", "domains": ["uonbi.ac.ke"]},
  {"name": "University of Ghana", "country": "Ghana", "domains": ["ug.edu.gh"]},
  {"name": "University of Lagos", "country": "Nigeria", "domains": ["unilag.edu.ng"]},
  {"name": "National Taiwan University", "country": "Taiwan", "domains": ["ntu.edu.tw"]},
  {"name": "Academia Sinica", "country": "Taiwan", "domains": ["sinica.edu.tw"]},
  {"name": "Hong Kong University", "country": "Hong Kong", "domains": ["hku.hk"]},
  {"name": "Chinese University of Hong Kong", "country": "Hong Kong", "domains": ["cuhk.edu.hk"]},
  {"name": "Hong Kong University of Science and Technology", "country": "Hong Kong", "domains": ["ust.hk"]},
  {"name": "Trinity College Dublin", "country": "Ireland", "domains": ["tcd.ie"]},
  {"name": "University College Dublin", "country": "Ireland", "domains": ["ucd.ie"]},
  {"name": "University of Warsaw", "country": "Poland", "domains": ["uw.edu.pl"]},
  {"name": "Jagiellonian University", "country": "Poland", "domains": ["uj.edu.pl"]},
  {"name": "Charles University", "country": "Czech Republic", "domains": ["cuni.cz"]},
  {"name": "Czech Technical University", "country": "Czech Republic", "domains": ["cvut.cz"]},
  {"name": "University of Lisbon", "country": "Portugal", "domains": ["ulisboa.pt"]},
  {"name": "University of Porto", "country": "Portugal", "domains": ["up.pt"]},
  {"name": "Moscow State University", "country": "Russia", "domains": ["msu.ru"]},
  {"name": "Saint Petersburg State University", "country": "Russia", "domains": ["spbu.ru"]},
  {"name": "National Research University Higher School of Economics", "country": "Russia", "domains": ["hse.ru"]}
]
